,Life Rate,Death Rate,Population,Std,Overall Std
0,0.01,0.01,82.96875,13.417536041967615,21.63542144971707
1,0.01,0.0196,73.48275862068965,16.76463990101492,17.057885911854793
2,0.01,0.0292,89.76288659793815,7.5077598287993865,19.732254041887604
3,0.01,0.0388,95.8578431372549,4.012772164723823,21.81433732343756
4,0.01,0.0484,95.5030303030303,4.111512650085001,18.499193391024846
5,0.01,0.057999999999999996,83.01945525291829,14.378824508831721,19.44431024793076
6,0.01,0.0676,92.84615384615384,5.1332209902334345,22.749889643613923
7,0.01,0.07719999999999999,89.76576576576576,9.191608937724304,17.80169371011885
8,0.01,0.0868,92.92105263157895,5.556953502171859,23.789624963498824
9,0.01,0.0964,98.18823529411765,0.3908999464902623,23.140738911757538
10,0.01,0.106,93.17391304347827,4.087650264894336,21.609853674309818
11,0.01,0.11559999999999998,93.93181818181819,3.550913629378471,17.978372128329895
12,0.01,0.1252,92.84126984126983,5.118303132770833,17.501635819461686
13,0.01,0.1348,98.53424657534246,0.49882579331597604,26.85088468854755
14,0.01,0.1444,95.43037974683544,2.3258783249290187,17.730103169805954
15,0.01,0.154,94.79545454545455,3.428354664045034,21.11516016328667
16,0.01,0.1636,96.85964912280701,1.3693204421816039,19.609485022877067
17,0.01,0.1732,93.2394366197183,3.5858280860750074,18.261644654160644
18,0.01,0.18280000000000002,93.8048780487805,4.511338086044019,19.202234474643017
19,0.01,0.1924,96.44444444444444,2.0761516427609465,19.297692695848855
20,0.01,0.20199999999999999,96.0909090909091,2.7913680404400423,22.940040110232548
21,0.01,0.2116,97.48,1.5651198037211078,19.745243065030355
22,0.01,0.22119999999999998,93.20560747663552,5.306913702161275,25.10040214503195
23,0.01,0.23079999999999998,96.40625,1.1418016191528193,16.77948432200733
24,0.01,0.2404,90.96363636363637,6.0059474655276235,22.012905994884523
25,0.01,0.25,94.2156862745098,3.6852313918369144,19.729444392406208
26,0.0196,0.01,72.4113924050633,14.080186162299333,23.32380352261507
27,0.0196,0.0196,75.73384615384616,14.292168667039322,19.377571700274686
28,0.0196,0.0292,68.81040892193309,16.16289417647472,17.256183473648935
29,0.0196,0.0388,87.52083333333333,7.866038772611168,24.19912510856369
30,0.0196,0.0484,91.60402684563758,8.546610295485776,21.006732899856488
31,0.0196,0.057999999999999996,96.45283018867924,1.3112868191618154,25.0314920993945
32,0.0196,0.0676,94.2875,4.927458142896801,22.298946302944795
33,0.0196,0.07719999999999999,89.73333333333333,6.1640535003807,16.028252402125723
34,0.0196,0.0868,98.0952380952381,1.4443572274383905,16.412775961551993
35,0.0196,0.0964,90.71641791044776,7.949102962907394,21.88539040331794
36,0.0196,0.106,95.26086956521739,2.9593975783028923,25.157688006621004
37,0.0196,0.11559999999999998,97.35483870967742,2.0248199776097056,19.971210699452634
38,0.0196,0.1252,86.83333333333333,10.543459105745605,20.192501879244517
39,0.0196,0.1348,99.0,0.0,19.107944969966344
40,0.0196,0.1444,98.05882352941177,1.6077235727901704,20.6917098617466
41,0.0196,0.154,93.84848484848484,4.452586664776575,20.174681632493478
42,0.0196,0.1636,97.96,0.44542114902640173,20.892779240025362
43,0.0196,0.1732,78.56923076923077,16.502185618199633,21.77783234044014
44,0.0196,0.18280000000000002,92.8375,7.087742500260572,18.03781651988264
45,0.0196,0.1924,98.93617021276596,0.24444947432076714,25.27117009910221
46,0.0196,0.20199999999999999,97.13333333333334,1.746106780494506,24.199580624082113
47,0.0196,0.2116,90.28,7.912117289322752,18.47566965893627
48,0.0196,0.22119999999999998,96.73684210526316,1.7119427333990098,21.609610466941813
49,0.0196,0.23079999999999998,96.21428571428571,1.8196770289795714,23.465981283392328
50,0.0196,0.2404,98.45454545454545,0.7820295697311479,16.740028020073357
51,0.0196,0.25,94.5609756097561,2.905409424889095,20.654656573958192
52,0.0292,0.01,86.97,9.811172203156971,20.18543914760869
53,0.0292,0.0196,79.3719512195122,12.591206517192704,22.333290116668266
54,0.0292,0.0292,91.03846153846153,6.5058007798411905,24.619378460416545
55,0.0292,0.0388,85.30252100840336,11.450701510086102,17.68261745994753
56,0.0292,0.0484,81.45736434108527,12.188447797811202,23.713421975841243
57,0.0292,0.057999999999999996,88.61176470588235,10.345893322981782,25.418633072777798
58,0.0292,0.0676,93.68831168831169,5.662039787232253,23.17108680636036
59,0.0292,0.07719999999999999,93.27272727272727,6.798847044419519,22.106379327035768
60,0.0292,0.0868,90.36206896551724,7.767523627617015,21.797284970309303
61,0.0292,0.0964,85.9041095890411,9.84004174114329,20.88154511747626
62,0.0292,0.106,94.7,3.8897300677553455,23.983312593115297
63,0.0292,0.11559999999999998,97.47826086956522,1.1747179205309823,20.54941223248561
64,0.0292,0.1252,68.76744186046511,18.725479730312404,19.28577264109671
65,0.0292,0.1348,88.14893617021276,8.3027263489599,17.307339503380256
66,0.0292,0.1444,76.44155844155844,14.47119261681905,23.133572485705788
67,0.0292,0.154,95.87179487179488,1.8698620157440546,25.9277543561567
68,0.0292,0.1636,98.93333333333334,0.2494438257849294,18.299436180864724
69,0.0292,0.1732,88.85365853658537,9.356257787483292,25.31717514622009
70,0.0292,0.18280000000000002,94.02941176470588,5.101817981151696,17.529454071832877
71,0.0292,0.1924,97.92307692307692,0.9970370305242862,18.36467392048707
72,0.0292,0.20199999999999999,84.61194029850746,14.207371666429983,20.558954269968236
73,0.0292,0.2116,82.69014084507042,11.543660597062036,20.399047703324598
74,0.0292,0.22119999999999998,93.33333333333333,5.2196211016169025,24.319759507216347
75,0.0292,0.23079999999999998,92.58823529411765,5.5894735470231875,23.722583239771094
76,0.0292,0.2404,94.10526315789474,2.9539400421899535,20.322254397224068
77,0.0292,0.25,95.84615384615384,2.641274571290676,22.280745866034852
78,0.0388,0.01,76.52777777777777,17.014865225780426,16.360740051776514
79,0.0388,0.0196,84.40437158469945,8.903267805168992,24.71987927870315
80,0.0388,0.0292,66.46007604562737,12.240823489048218,16.893290997858873
81,0.0388,0.0388,88.1,7.562407024221851,24.084182653255493
82,0.0388,0.0484,70.97692307692307,16.505227789361108,18.967376319579532
83,0.0388,0.057999999999999996,77.54887218045113,17.328088443448195,16.988444318187675
84,0.0388,0.0676,66.93050193050193,14.685999036556339,16.789192104677337
85,0.0388,0.07719999999999999,80.51851851851852,15.779429577941423,23.390937128974354
86,0.0388,0.0868,92.77551020408163,5.019412544383277,24.77023469832679
87,0.0388,0.0964,88.34426229508196,7.649890700819194,23.87027413192443
88,0.0388,0.106,91.64444444444445,6.786115090734268,25.525128329198452
89,0.0388,0.11559999999999998,88.88372093023256,8.052760042011254,20.460969584159056
90,0.0388,0.1252,78.88636363636364,16.81411191541594,20.56588529573853
91,0.0388,0.1348,80.1896551724138,12.814938611059823,20.66205895152091
92,0.0388,0.1444,90.12765957446808,6.269198670421671,23.508285254340702
93,0.0388,0.154,96.82352941176471,1.3820400146436154,19.292031903532088
94,0.0388,0.1636,96.55,2.5391927851189244,22.402719625042664
95,0.0388,0.1732,98.76923076923077,0.5756395979652218,23.80942104198421
96,0.0388,0.18280000000000002,80.58181818181818,17.03759576411788,18.52222727996997
97,0.0388,0.1924,75.93333333333334,19.357915406595023,18.441743723938277
98,0.0388,0.20199999999999999,90.55813953488372,5.653985322499665,20.589964327236498
99,0.0388,0.2116,92.875,4.1161521270882755,23.533258224408772
100,0.0388,0.22119999999999998,94.72413793103448,4.762617012584702,17.937480749158436
101,0.0388,0.23079999999999998,93.26086956521739,4.617710625165827,18.056759685864133
102,0.0388,0.2404,96.18518518518519,1.1874977438430665,20.567477704678428
103,0.0388,0.25,84.24444444444444,13.060807454289522,22.59563142325356
104,0.0484,0.01,68.67647058823529,12.422871819314665,20.42163433065879
105,0.0484,0.0196,96.80645161290323,2.9007157608214644,20.64950546036665
106,0.0484,0.0292,73.76271186440678,15.465111801770838,17.514002657218654
107,0.0484,0.0388,73.87074829931973,13.278683295127308,20.199998344058557
108,0.0484,0.0484,71.44144144144144,15.552691424150975,21.178690311099295
109,0.0484,0.057999999999999996,75.85185185185185,15.005440257166248,19.33259468477969
110,0.0484,0.0676,69.28333333333333,16.373343851788153,20.259367331271033
111,0.0484,0.07719999999999999,87.34210526315789,7.736707839866126,24.8104417193622
112,0.0484,0.0868,74.53061224489795,15.317193275180601,23.494742395142826
113,0.0484,0.0964,75.94444444444444,16.50579770943202,24.863814331699484
114,0.0484,0.106,88.27906976744185,6.387944974335056,23.2318985600546
115,0.0484,0.11559999999999998,95.575,3.3157766812618727,20.66816175625083
116,0.0484,0.1252,67.00934579439253,16.121324663867092,16.715149433256823
117,0.0484,0.1348,88.65384615384616,7.770468294433282,21.762921959825416
118,0.0484,0.1444,86.65625,9.445929596259967,24.4765288137572
119,0.0484,0.154,86.73333333333333,11.372286001015315,19.509843962042382
120,0.0484,0.1636,87.02631578947368,9.001423402367985,17.50197907374898
121,0.0484,0.1732,88.59574468085107,8.682728207556742,24.30118527167977
122,0.0484,0.18280000000000002,93.95,3.800986713999406,23.415448155936218
123,0.0484,0.1924,73.51020408163265,18.265750764169507,19.370234370001018
124,0.0484,0.20199999999999999,93.3,3.348133808556642,21.46736105554075
125,0.0484,0.2116,84.81481481481481,10.245277275271174,22.956476936915312
126,0.0484,0.22119999999999998,87.33333333333333,13.883872109822418,19.73216603041276
127,0.0484,0.23079999999999998,92.82142857142857,4.621792875903798,22.801486632958113
128,0.0484,0.2404,77.23333333333333,19.11488657797605,20.36422534686598
129,0.0484,0.25,96.5,3.0413812651491097,22.588616907698526
130,0.057999999999999996,0.01,73.7078853046595,16.124703620663187,22.25816224092326
131,0.057999999999999996,0.0196,89.4090909090909,5.283413935129194,22.739231654744056
132,0.057999999999999996,0.0292,96.2621359223301,3.874139215507978,27.237648622599
133,0.057999999999999996,0.0388,79.216,14.578660569476193,23.87211467050822
134,0.057999999999999996,0.0484,91.54901960784314,6.139916731536656,24.043514437354236
135,0.057999999999999996,0.057999999999999996,86.08536585365853,10.141921234636252,21.400915600410134
136,0.057999999999999996,0.0676,86.0,10.709449457946365,23.267885299720092
137,0.057999999999999996,0.07719999999999999,81.0,15.801265772082944,21.48680764901145
138,0.057999999999999996,0.0868,76.97777777777777,16.629276577956507,18.170118332932002
139,0.057999999999999996,0.0964,92.34375,3.118587170098024,28.09790955492548
140,0.057999999999999996,0.106,96.86363636363636,3.272411600937512,22.05331426245253
141,0.057999999999999996,0.11559999999999998,88.8780487804878,8.625529667585694,22.249356425348278
142,0.057999999999999996,0.1252,96.63636363636364,2.3653839693195793,22.305362414914168
143,0.057999999999999996,0.1348,94.0,3.710081654405054,21.478742663511557
144,0.057999999999999996,0.1444,75.26829268292683,18.3449659343878,22.16634447639159
145,0.057999999999999996,0.154,84.59375,9.154436680511806,18.894960244020822
146,0.057999999999999996,0.1636,88.3103448275862,7.64786852557902,26.957604398108998
147,0.057999999999999996,0.1732,81.3529411764706,11.539911185663883,27.76190554161977
148,0.057999999999999996,0.18280000000000002,71.50877192982456,17.49398172908208,19.947087706165636
149,0.057999999999999996,0.1924,93.51851851851852,5.665819350837417,26.352807379192143
150,0.057999999999999996,0.20199999999999999,86.80952380952381,10.125964022861737,22.940316541504984
151,0.057999999999999996,0.2116,97.4,2.177154105707724,22.182274537400605
152,0.057999999999999996,0.22119999999999998,98.17647058823529,0.7058823529411764,23.290605677731275
153,0.057999999999999996,0.23079999999999998,95.6,3.0561413579872245,23.839771489815657
154,0.057999999999999996,0.2404,91.10526315789474,5.2203522450431326,24.750593944957558
155,0.057999999999999996,0.25,90.48275862068965,8.849783514418919,19.957362868773373
156,0.0676,0.01,71.00191570881226,14.843435671600975,21.139657126704062
157,0.0676,0.0196,73.26515151515152,16.549219448994645,20.832911642306872
158,0.0676,0.0292,79.78169014084507,14.099303847155356,24.5694464149497
159,0.0676,0.0388,77.95604395604396,15.42576130446221,20.36224718614511
160,0.0676,0.0484,88.35714285714286,6.872378906662139,19.057667953349995
161,0.0676,0.057999999999999996,72.72413793103448,17.114683925390867,16.56378617789473
162,0.0676,0.0676,91.07407407407408,7.385801824250745,23.78209624827312
163,0.0676,0.07719999999999999,81.88888888888889,10.902032883258714,24.322033810142255
164,0.0676,0.0868,89.95,8.499852939904315,21.31182558480272
165,0.0676,0.0964,92.75,3.8193585848935423,22.23794052385556
166,0.0676,0.106,68.31395348837209,15.393491246043661,17.141480989827965
167,0.0676,0.11559999999999998,96.2,2.856571371417141,22.910010792166844
168,0.0676,0.1252,66.26582278481013,15.424547968067904,19.763801863751013
169,0.0676,0.1348,85.78787878787878,9.987135894702094,22.81652621200833
170,0.0676,0.1444,80.89189189189189,15.361911099761038,25.22551596184196
171,0.0676,0.154,94.92307692307692,2.4006902360503437,20.746967643013722
172,0.0676,0.1636,78.6774193548387,14.844108414808655,16.495869049518916
173,0.0676,0.1732,94.86666666666666,4.256237253203298,19.33033114470193
174,0.0676,0.18280000000000002,94.88,4.062708456190279,21.82077300714774
175,0.0676,0.1924,94.4,3.7735924528226414,25.44576776043471
176,0.0676,0.20199999999999999,86.75,10.256095748383007,22.535738343616433
177,0.0676,0.2116,83.15789473684211,14.694299495829334,22.109401777056547
178,0.0676,0.22119999999999998,89.79166666666667,6.271490829318195,20.9383086493436
179,0.0676,0.23079999999999998,85.18518518518519,10.99844109168149,23.139645964606316
180,0.0676,0.2404,97.76923076923077,1.36741452574086,25.67866303515255
181,0.0676,0.25,89.15151515151516,7.947254956315389,20.122955958134188
182,0.07719999999999999,0.01,83.31521739130434,10.455491603118716,22.29377929017536
183,0.07719999999999999,0.0196,69.64099216710183,13.184484950199133,18.21374015722673
184,0.07719999999999999,0.0292,72.85660377358491,14.71830473003,26.47743277275504
185,0.07719999999999999,0.0388,81.63440860215054,12.913096582924098,18.26057651018147
186,0.07719999999999999,0.0484,83.56896551724138,9.15218471933024,26.903679734529593
187,0.07719999999999999,0.057999999999999996,76.38953488372093,15.331018330152789,18.44491107197702
188,0.07719999999999999,0.0676,74.56666666666666,13.852035550376302,18.39914092323506
189,0.07719999999999999,0.07719999999999999,79.16666666666667,13.016549295245479,24.650023359692383
190,0.07719999999999999,0.0868,96.17647058823529,1.4239668749306122,21.97297892054746
191,0.07719999999999999,0.0964,90.20833333333333,5.267662089474693,23.25697209303593
192,0.07719999999999999,0.106,92.96666666666667,3.4397997357727417,25.71367881908722
193,0.07719999999999999,0.11559999999999998,89.80645161290323,7.8057850955132055,25.196321704461905
194,0.07719999999999999,0.1252,91.42857142857143,5.029166631441309,23.481984028414175
195,0.07719999999999999,0.1348,88.1,10.361306223959732,19.202305011722604
196,0.07719999999999999,0.1444,92.80952380952381,5.095460609293499,22.857327714964395
197,0.07719999999999999,0.154,94.28571428571429,3.633742097707687,22.636604831777532
198,0.07719999999999999,0.1636,74.8936170212766,17.611932660089863,18.693776560924494
199,0.07719999999999999,0.1732,93.82352941176471,4.6808155915477085,24.243886024801288
200,0.07719999999999999,0.18280000000000002,84.96153846153847,11.332325340949938,22.702138315915352
201,0.07719999999999999,0.1924,83.74074074074075,13.096769724977259,17.668418187390163
202,0.07719999999999999,0.20199999999999999,70.98360655737704,19.347123989494538,17.085899622556
203,0.07719999999999999,0.2116,93.7,4.112177038990418,25.458437603542933
204,0.07719999999999999,0.22119999999999998,96.81818181818181,1.849726359034164,19.28615669718928
205,0.07719999999999999,0.23079999999999998,96.16666666666667,1.9507833184532708,23.08584439235882
206,0.07719999999999999,0.2404,95.66666666666667,2.6246692913372702,20.030526649775485
207,0.07719999999999999,0.25,97.375,0.9921567416492215,19.682139606886413
208,0.0868,0.01,82.72345679012345,13.263430385140422,25.322458869595653
209,0.0868,0.0196,62.61464968152866,14.267616511815573,17.09306270612993
210,0.0868,0.0292,84.59813084112149,13.503104394247499,18.69811808169428
211,0.0868,0.0388,81.66666666666667,10.342392342445695,20.209730991107527
212,0.0868,0.0484,90.57142857142857,5.95176187256808,28.005363575730474
213,0.0868,0.057999999999999996,83.70588235294117,10.87638946300035,21.759604635947355
214,0.0868,0.0676,81.08163265306122,12.192062882648038,19.728155845468127
215,0.0868,0.07719999999999999,72.86290322580645,13.396758561621414,19.878807017871278
216,0.0868,0.0868,89.76470588235294,6.941176470588235,24.336673363409982
217,0.0868,0.0964,88.025,9.23170488046493,20.999278449766127
218,0.0868,0.106,90.35,6.10962355632489,20.930826023164922
219,0.0868,0.11559999999999998,93.33333333333333,5.1790174958405215,26.532397874128907
220,0.0868,0.1252,78.8409090909091,15.018084827994095,23.025675303077985
221,0.0868,0.1348,82.2258064516129,12.388104797694766,20.963055084721397
222,0.0868,0.1444,94.33333333333333,1.8408935028645437,17.76182277820062
223,0.0868,0.154,93.6923076923077,3.36005071812947,20.700461480888244
224,0.0868,0.1636,80.94871794871794,13.858161934488223,20.344426751809547
225,0.0868,0.1732,87.0,9.820121313339039,21.658797500768447
226,0.0868,0.18280000000000002,91.65384615384616,6.037971562678643,20.04784566008929
227,0.0868,0.1924,79.07692307692308,11.812389444083625,22.799292243920206
228,0.0868,0.20199999999999999,87.83333333333333,7.189884870040998,22.80749698714261
229,0.0868,0.2116,90.17647058823529,7.3263046950307125,24.87244500398025
230,0.0868,0.22119999999999998,90.76923076923077,6.652400910184419,25.062596988220253
231,0.0868,0.23079999999999998,89.95454545454545,8.890634872142263,22.276109510649793
232,0.0868,0.2404,90.75,8.905756565278438,24.060777367031317
233,0.0868,0.25,89.8,7.180529228406497,24.23715712518791
234,0.0964,0.01,84.9073359073359,10.911326703548374,18.946901527012674
235,0.0964,0.0196,69.2208904109589,13.385646136621107,19.531498725549888
236,0.0964,0.0292,83.72307692307692,12.75027323062613,24.92236212324813
237,0.0964,0.0388,85.3688524590164,12.256280303577878,25.242795991978095
238,0.0964,0.0484,78.28947368421052,9.51565993158215,23.994233192978342
239,0.0964,0.057999999999999996,93.11111111111111,5.985991878162891,21.488804927165585
240,0.0964,0.0676,91.60714285714286,5.4859514457663705,20.640507671941993
241,0.0964,0.07719999999999999,83.15151515151516,12.407527559048914,25.513870562392672
242,0.0964,0.0868,81.81132075471699,10.558116977220113,21.163029249435194
243,0.0964,0.0964,74.10891089108911,15.506562641425589,23.028903396182557
244,0.0964,0.106,79.24,12.700488179593728,22.56205062855932
245,0.0964,0.11559999999999998,85.71052631578948,11.217720696189957,25.772586795068435
246,0.0964,0.1252,82.96551724137932,12.944131298673115,25.17769154709946
247,0.0964,0.1348,97.53333333333333,1.6275407487644937,24.87003588887349
248,0.0964,0.1444,81.63414634146342,11.43540948654335,22.222372237797973
249,0.0964,0.154,79.94736842105263,14.60884261495333,24.99508333285591
250,0.0964,0.1636,94.17391304347827,5.197425566006473,24.771813063010075
251,0.0964,0.1732,75.05882352941177,15.674897835243735,18.12159400298583
252,0.0964,0.18280000000000002,71.29411764705883,14.90584056821294,20.50278523752674
253,0.0964,0.1924,96.11111111111111,3.813556067051225,29.27195378035511
254,0.0964,0.20199999999999999,92.93333333333334,3.889587238883953,24.375380783262973
255,0.0964,0.2116,95.1,2.8266588050205135,26.005485994909534
256,0.0964,0.22119999999999998,89.6923076923077,6.1002473516636435,19.88476632290146
257,0.0964,0.23079999999999998,82.11111111111111,12.15588055628902,23.69748780315112
258,0.0964,0.2404,85.0625,8.99631000744194,25.943039179294413
259,0.0964,0.25,67.35135135135135,18.19892514826708,21.910863428648607
260,0.106,0.01,68.0412147505423,14.252466157930334,22.148895621063602
261,0.106,0.0196,77.37465564738292,15.17038644469617,20.19050999761423
262,0.106,0.0292,76.58865248226951,14.193730971573888,24.171672253389577
263,0.106,0.0388,71.71955719557195,15.243979677534675,23.043964016029918
264,0.106,0.0484,82.67532467532467,11.64121825913953,24.404405085595826
265,0.106,0.057999999999999996,84.83050847457628,8.741392943284911,22.450041009950073
266,0.106,0.0676,84.4888888888889,11.186543944941116,21.49622657858876
267,0.106,0.07719999999999999,87.36538461538461,8.980810410052191,24.092950275144307
268,0.106,0.0868,88.97560975609755,6.579672335521857,20.215601855546396
269,0.106,0.0964,80.91176470588235,11.38204893954879,21.26241321008591
270,0.106,0.106,93.25,4.479118216792229,21.00304878280866
271,0.106,0.11559999999999998,87.58536585365853,8.982301323228532,22.906032363904686
272,0.106,0.1252,91.03703703703704,6.719135093599151,23.58547343403787
273,0.106,0.1348,81.17857142857143,12.032852563558091,21.932907384879673
274,0.106,0.1444,89.36363636363636,9.75089174420281,23.75021248007865
275,0.106,0.154,86.20833333333333,9.087441731434772,16.19052310086583
276,0.106,0.1636,70.97674418604652,17.077781529162824,20.049773115657228
277,0.106,0.1732,76.54347826086956,17.008573952618757,18.762668712762192
278,0.106,0.18280000000000002,80.53333333333333,11.814492042496886,24.976406105488625
279,0.106,0.1924,90.14285714285714,4.549052379454474,30.161128009919793
280,0.106,0.20199999999999999,96.0,2.8635642126552705,21.927896895407116
281,0.106,0.2116,69.15625,17.208481511670342,23.03350112826416
282,0.106,0.22119999999999998,88.84210526315789,6.737664423496952,25.767692211611717
283,0.106,0.23079999999999998,69.17021276595744,17.865120122070472,19.003104711252835
284,0.106,0.2404,92.38461538461539,4.923076923076923,26.52562198182535
285,0.106,0.25,91.05,7.684237112426971,23.05669133093437
286,0.11559999999999998,0.01,73.94616419919247,13.686248099325677,25.253390047055927
287,0.11559999999999998,0.0196,72.21363636363637,14.882717110630077,23.56271670372948
288,0.11559999999999998,0.0292,74.76771653543307,13.495011512802481,24.239825281717728
289,0.11559999999999998,0.0388,72.27604166666667,15.25791628406701,17.641606749208805
290,0.11559999999999998,0.0484,95.37777777777778,2.4791476034125464,26.21244933129073
291,0.11559999999999998,0.057999999999999996,82.63380281690141,9.605220758539273,28.092606193641227
292,0.11559999999999998,0.0676,77.14093959731544,14.884801551850204,20.56662155240382
293,0.11559999999999998,0.07719999999999999,80.45098039215686,13.985025220262576,22.68950101295788
294,0.11559999999999998,0.0868,89.88372093023256,7.877578728251116,24.248250214185557
295,0.11559999999999998,0.0964,86.96,10.708800119527863,25.114079947957535
296,0.11559999999999998,0.106,72.58620689655173,17.363293111657473,23.090759146998433
297,0.11559999999999998,0.11559999999999998,82.07692307692308,10.220353286544215,22.104728057940715
298,0.11559999999999998,0.1252,69.24489795918367,16.589313762541135,27.50665607534601
299,0.11559999999999998,0.1348,85.64,8.08890598288792,25.12121696028346
300,0.11559999999999998,0.1444,80.83333333333333,11.689263830065986,23.067826383440973
301,0.11559999999999998,0.154,88.5,7.729812416870153,22.03661878848773
302,0.11559999999999998,0.1636,74.4186046511628,17.626925173615998,24.984692415713084
303,0.11559999999999998,0.1732,72.34615384615384,18.18376771420114,22.06805699275451
304,0.11559999999999998,0.18280000000000002,93.5,3.8794329482541645,21.60906616610011
305,0.11559999999999998,0.1924,91.4375,4.663270713780189,24.402601265318722
306,0.11559999999999998,0.20199999999999999,87.2258064516129,10.021620747870672,24.72585986324979
307,0.11559999999999998,0.2116,84.60714285714286,10.18170377867745,19.410963941787816
308,0.11559999999999998,0.22119999999999998,88.10526315789474,8.277393035072318,20.664674072592607
309,0.11559999999999998,0.23079999999999998,87.2,9.042123644365853,20.879234924648667
310,0.11559999999999998,0.2404,88.2,7.406753674856481,24.258762610276182
311,0.11559999999999998,0.25,81.5,11.395174417269795,23.923210474331867
312,0.1252,0.01,78.43230944254834,13.413258277703513,23.59620462774806
313,0.1252,0.0196,66.53279785809906,12.015604894492732,13.118958281172828
314,0.1252,0.0292,70.8075117370892,15.478154828891563,24.98758847750716
315,0.1252,0.0388,76.61572052401746,13.242149096368463,18.128869064224624
316,0.1252,0.0484,83.41836734693878,11.773303828948343,17.70566240285218
317,0.1252,0.057999999999999996,85.59677419354838,11.264359548850775,24.921665165411827
318,0.1252,0.0676,83.94339622641509,8.89225886436788,22.111377868842784
319,0.1252,0.07719999999999999,75.59322033898304,16.65921503437723,22.074958546632065
320,0.1252,0.0868,91.85714285714286,5.0689128569171915,25.03182323752995
321,0.1252,0.0964,73.23636363636363,16.61320792881226,25.46352787505681
322,0.1252,0.106,69.75,15.915357712320233,20.968873208538344
323,0.1252,0.11559999999999998,78.87179487179488,12.890424765095567,15.668026983484244
324,0.1252,0.1252,81.5,10.95780677926768,20.56624273601748
325,0.1252,0.1348,93.82352941176471,4.604796656654336,24.253899934408462
326,0.1252,0.1444,95.35,2.5937424698685874,24.748399359977185
327,0.1252,0.154,74.0377358490566,17.679496987797616,19.01383447679881
328,0.1252,0.1636,93.07142857142857,4.3005694924258195,25.61275179038016
329,0.1252,0.1732,94.13333333333334,2.7047283700134392,22.292819607122052
330,0.1252,0.18280000000000002,88.2,9.293008124391156,23.76584014555783
331,0.1252,0.1924,86.2,8.698275691193054,20.47644299323149
332,0.1252,0.20199999999999999,57.596774193548384,17.964534664811247,14.832717616093207
333,0.1252,0.2116,96.13333333333334,3.095516470998373,24.979046671542633
334,0.1252,0.22119999999999998,90.0,7.0,23.78851116023276
335,0.1252,0.23079999999999998,75.37777777777778,18.11725867035063,21.110389958058242
336,0.1252,0.2404,89.3157894736842,8.417104337559497,21.86318851440699
337,0.1252,0.25,96.3,1.9,22.966943590771525
338,0.1348,0.01,72.44009779951101,16.569538020430265,25.720020101128185
339,0.1348,0.0196,72.94189602446484,15.01374457184815,21.87779284134108
340,0.1348,0.0292,81.52127659574468,10.892832626347586,24.86464990776223
341,0.1348,0.0388,72.62025316455696,13.29823800783859,23.386313670551683
342,0.1348,0.0484,73.28859060402685,14.903400495717431,19.04183733610759
343,0.1348,0.057999999999999996,86.73684210526316,9.21959453343986,27.870411629149785
344,0.1348,0.0676,81.64615384615385,13.66909008195641,21.07949923541004
345,0.1348,0.07719999999999999,81.63235294117646,13.049571112813389,23.318857632160825
346,0.1348,0.0868,90.79166666666667,6.763746290990585,23.38015374212563
347,0.1348,0.0964,88.33333333333333,8.393118874676116,23.77756416702582
348,0.1348,0.106,79.48936170212765,16.674445144267068,21.02445550575963
349,0.1348,0.11559999999999998,80.97435897435898,14.69778839021181,24.241534417491568
350,0.1348,0.1252,79.97142857142858,16.34710234573824,25.100273319560362
351,0.1348,0.1348,79.82758620689656,12.82257966814855,25.20070365852996
352,0.1348,0.1444,72.36363636363636,13.370746407891081,17.927205535300807
353,0.1348,0.154,88.86363636363636,8.828134027823952,22.25976706390649
354,0.1348,0.1636,75.16279069767442,16.74560717483445,20.797459283049463
355,0.1348,0.1732,76.87878787878788,18.875601657290332,22.723470401614247
356,0.1348,0.18280000000000002,66.71739130434783,15.203922610955514,17.521082311986852
357,0.1348,0.1924,89.94736842105263,6.0478241777782,20.258570342939212
358,0.1348,0.20199999999999999,70.95555555555555,16.206933434737884,25.712954525402694
359,0.1348,0.2116,86.47058823529412,8.905501584835559,22.33352104062497
360,0.1348,0.22119999999999998,94.36363636363636,2.8049542946439114,24.59522142643546
361,0.1348,0.23079999999999998,70.94545454545455,15.94925838323546,23.27957625184501
362,0.1348,0.2404,66.22222222222223,15.3733375092346,22.361550140826058
363,0.1348,0.25,88.78571428571429,7.608065001117202,18.44405867769036
364,0.1444,0.01,69.33659491193738,14.21460521158525,15.989690513517564
365,0.1444,0.0196,74.34913793103448,15.20389013111138,23.15552703888241
366,0.1444,0.0292,84.22935779816514,10.887778711732262,23.363324115337317
367,0.1444,0.0388,67.98901098901099,14.26976709228329,22.196332050705564
368,0.1444,0.0484,89.38461538461539,5.389283690642464,25.07167059334654
369,0.1444,0.057999999999999996,78.0958904109589,16.170465537949664,23.105444746844995
370,0.1444,0.0676,83.83333333333333,10.478814606412099,26.514820743812734
371,0.1444,0.07719999999999999,74.19540229885058,16.693201231845592,22.078353568016237
372,0.1444,0.0868,89.03125,8.323477244367284,24.614032183602305
373,0.1444,0.0964,74.69354838709677,13.95972167861641,16.931872039763626
374,0.1444,0.106,75.01098901098901,15.168282774215431,17.29770675172595
375,0.1444,0.11559999999999998,87.88461538461539,6.072174386094979,25.299896503302552
376,0.1444,0.1252,69.9,16.770509831248425,22.707642858797943
377,0.1444,0.1348,69.35135135135135,16.743237789847072,21.28393837221215
378,0.1444,0.1444,93.10526315789474,5.485816514019109,23.63342663731858
379,0.1444,0.154,96.77777777777777,1.8724777273725242,23.087150671352372
380,0.1444,0.1636,95.0,2.7516228977511745,24.72568501581088
381,0.1444,0.1732,70.63461538461539,13.233158885271507,19.246508625900834
382,0.1444,0.18280000000000002,70.94871794871794,17.038340953828477,24.788872947788125
383,0.1444,0.1924,93.82352941176471,3.276211838975134,23.284424048262412
384,0.1444,0.20199999999999999,69.97619047619048,18.16523117339183,18.369708363753336
385,0.1444,0.2116,70.18367346938776,14.384903466138116,17.720815568171883
386,0.1444,0.22119999999999998,79.56666666666666,15.489100110149144,19.993438984231023
387,0.1444,0.23079999999999998,83.66666666666667,10.842303978193728,22.63518246995891
388,0.1444,0.2404,82.375,11.743127422738231,24.781387363450694
389,0.1444,0.25,91.6,4.862098312457287,23.1403591373443
390,0.154,0.01,72.14434782608696,15.030462929631177,26.33477682814177
391,0.154,0.0196,72.5327868852459,16.444982505625227,22.815219378663766
392,0.154,0.0292,79.09160305343511,18.387454394494334,24.17190132330782
393,0.154,0.0388,83.19148936170212,11.335574388533294,20.47964210712023
394,0.154,0.0484,82.8433734939759,9.08657413899176,25.016002670910627
395,0.154,0.057999999999999996,61.36094674556213,14.772632270263491,17.42033033834812
396,0.154,0.0676,93.39024390243902,4.377760028523819,22.227780583421488
397,0.154,0.07719999999999999,80.71875,13.29293603525948,21.392409632208743
398,0.154,0.0868,69.15853658536585,13.17376320125756,20.971206827261355
399,0.154,0.0964,78.55319148936171,13.9464149448665,23.687535157601
400,0.154,0.106,92.65384615384616,4.991857274928285,27.40540532109668
401,0.154,0.11559999999999998,70.2439024390244,16.5791236459751,19.801481479994422
402,0.154,0.1252,89.41379310344827,6.234040265041551,24.941998632343267
403,0.154,0.1348,71.5925925925926,15.275880914792054,18.398923392142432
404,0.154,0.1444,83.15789473684211,10.554436123434378,19.929573915529314
405,0.154,0.154,75.67391304347827,16.785156936524093,15.950716522815421
406,0.154,0.1636,72.37179487179488,13.453727892830772,18.389711497790838
407,0.154,0.1732,85.6842105263158,10.346891888154257,26.248184832269477
408,0.154,0.18280000000000002,80.02941176470588,15.172508602766982,23.611542717893112
409,0.154,0.1924,95.91666666666667,3.3778280332518738,22.171657387957993
410,0.154,0.20199999999999999,70.75471698113208,15.30064206369817,23.44603280988069
411,0.154,0.2116,83.0,10.990114134787326,22.01327193832247
412,0.154,0.22119999999999998,69.03125,18.23541262043445,19.362597815065268
413,0.154,0.23079999999999998,89.75,5.9107952087684446,20.428665968733963
414,0.154,0.2404,73.5,16.201484352925668,21.50226997505761
415,0.154,0.25,70.71875,16.921204107199344,15.574762533685123
416,0.1636,0.01,71.5617128463476,16.95881349778207,21.535931274841502
417,0.1636,0.0196,78.80416666666666,16.290819990786904,19.999440871215103
418,0.1636,0.0292,77.96975806451613,15.780152037561741,20.837955308986704
419,0.1636,0.0388,70.57613168724279,12.69317265106469,16.723102311777126
420,0.1636,0.0484,78.28333333333333,13.9703157524167,24.216844336701758
421,0.1636,0.057999999999999996,85.76119402985074,9.973232162560068,21.956699637767276
422,0.1636,0.0676,79.82456140350877,15.901145061954416,26.33981788970192
423,0.1636,0.07719999999999999,87.4423076923077,9.3488244047837,23.716585808849135
424,0.1636,0.0868,86.3125,10.279745963949368,24.03217984438722
425,0.1636,0.0964,72.25,16.718876557153393,21.846928895137808
426,0.1636,0.106,67.3859649122807,14.054098966250196,19.272412529776375
427,0.1636,0.11559999999999998,86.18181818181819,8.469032879044459,23.59558747163258
428,0.1636,0.1252,78.94871794871794,18.24751295726558,24.08798628470389
429,0.1636,0.1348,87.67857142857143,8.660474959874444,17.32761734207128
430,0.1636,0.1444,81.58536585365853,12.993385953041175,18.13007640767347
431,0.1636,0.154,68.86046511627907,15.917784985777208,21.78556394325159
432,0.1636,0.1636,86.77272727272727,7.292161533777948,18.234601233116848
433,0.1636,0.1732,87.14814814814815,8.988485241742076,24.220002471055185
434,0.1636,0.18280000000000002,88.83333333333333,7.747759532779639,25.33213447698626
435,0.1636,0.1924,86.22222222222223,9.902612200579286,26.009115611645836
436,0.1636,0.20199999999999999,77.44444444444444,14.680128502145552,20.731932164075157
437,0.1636,0.2116,84.20833333333333,11.183988430887355,20.070142576433895
438,0.1636,0.22119999999999998,83.3,11.424097338520887,23.39476832660851
439,0.1636,0.23079999999999998,90.41176470588235,6.756772842027052,25.605850385047706
440,0.1636,0.2404,86.13333333333334,9.721911106133174,24.46003513580838
441,0.1636,0.25,70.48780487804878,16.357473045972974,22.407375350171154
442,0.1732,0.01,89.5,8.490115492070899,23.63534981249421
443,0.1732,0.0196,79.74029126213593,14.665957805808944,18.027886508366233
444,0.1732,0.0292,84.38505747126437,13.257225561722867,22.241348509868995
445,0.1732,0.0388,74.73300970873787,15.36297331879739,21.636938725050914
446,0.1732,0.0484,75.29530201342281,16.414718945603372,16.73849264200022
447,0.1732,0.057999999999999996,77.54609929078015,14.090122880892558,22.37968186999193
448,0.1732,0.0676,73.64347826086957,14.034238446430448,25.69576717738145
449,0.1732,0.07719999999999999,70.61616161616162,15.679045445271544,23.559460399625564
450,0.1732,0.0868,81.0,11.238001731928557,24.66205077830386
451,0.1732,0.0964,73.6896551724138,15.140954846844943,16.82537710795086
452,0.1732,0.106,77.12068965517241,16.686849650204007,22.34728388524228
453,0.1732,0.11559999999999998,77.1,14.611296999240006,22.57569687169241
454,0.1732,0.1252,79.3125,13.623136340432037,22.809524669518908
455,0.1732,0.1348,76.13157894736842,16.145996819533902,21.709204113220746
456,0.1732,0.1444,91.5909090909091,5.087052110363499,18.44753687539371
457,0.1732,0.154,87.77272727272727,6.9080441790832,24.422363827528134
458,0.1732,0.1636,82.6875,13.443022121160107,21.391096131155695
459,0.1732,0.1732,81.65714285714286,13.673630215319783,25.676304131374636
460,0.1732,0.18280000000000002,90.07142857142857,7.333526589908702,25.188736400188585
461,0.1732,0.1924,88.77272727272727,6.423902935569609,19.975081796856937
462,0.1732,0.20199999999999999,71.55555555555556,18.00068585798954,20.73531692030311
463,0.1732,0.2116,78.07692307692308,18.25023303733845,21.16376832575509
464,0.1732,0.22119999999999998,90.44444444444444,5.756370598661609,25.397115153397635
465,0.1732,0.23079999999999998,71.35483870967742,18.39100128323066,20.39105797461107
466,0.1732,0.2404,77.18181818181819,15.065422070050355,18.31860031982772
467,0.1732,0.25,91.0,5.358571238146015,27.77333664795262
468,0.18280000000000002,0.01,70.43801652892562,14.337082798577976,21.802900532863834
469,0.18280000000000002,0.0196,75.24169184290031,14.312720627470659,20.673293968223163
470,0.18280000000000002,0.0292,80.13846153846154,13.04769584501054,23.688037005932514
471,0.18280000000000002,0.0388,69.90506329113924,13.706594539007627,21.872431619411945
472,0.18280000000000002,0.0484,71.2043795620438,13.196515070900977,18.52364225302708
473,0.18280000000000002,0.057999999999999996,67.36974789915966,14.753928715480741,18.715635868269846
474,0.18280000000000002,0.0676,79.64615384615385,16.238066168710127,19.572089876858684
475,0.18280000000000002,0.07719999999999999,89.76190476190476,6.365118948537014,23.430729528115364
476,0.18280000000000002,0.0868,73.24561403508773,15.780045918322433,19.105996787001033
477,0.18280000000000002,0.0964,87.9,9.34826187052973,22.236044902041286
478,0.18280000000000002,0.106,93.08571428571429,4.170449983062318,22.203148205550047
479,0.18280000000000002,0.11559999999999998,71.12903225806451,17.39714833043673,20.734621920478556
480,0.18280000000000002,0.1252,78.0,15.526935122093938,24.41212259515943
481,0.18280000000000002,0.1348,76.08888888888889,17.690954653246102,23.006447537504943
482,0.18280000000000002,0.1444,65.51485148514851,13.454443751456678,14.854569026754886
483,0.18280000000000002,0.154,95.6875,1.6851835953390955,24.192391942609905
484,0.18280000000000002,0.1636,70.01369863013699,12.243525715110557,15.782318949010582
485,0.18280000000000002,0.1732,94.54545454545455,3.551277269931747,21.406695194864536
486,0.18280000000000002,0.18280000000000002,92.73684210526316,4.152895062016603,27.280909542829004
487,0.18280000000000002,0.1924,71.55882352941177,13.492244344046188,21.77917451550657
488,0.18280000000000002,0.20199999999999999,71.4390243902439,15.266812053198855,20.550950955484307
489,0.18280000000000002,0.2116,68.74193548387096,12.7834765878949,17.736317365963696
490,0.18280000000000002,0.22119999999999998,91.08333333333333,4.75146176338281,25.053329704860943
491,0.18280000000000002,0.23079999999999998,91.3076923076923,4.825965274264037,17.328383918482945
492,0.18280000000000002,0.2404,75.21153846153847,14.355830413595216,18.85666156005571
493,0.18280000000000002,0.25,90.55555555555556,6.873639034765131,22.837305446188193
494,0.1924,0.01,82.92144373673037,11.142208860804478,27.397483011217844
495,0.1924,0.0196,97.25316455696202,2.089566331546731,22.01039948319468
496,0.1924,0.0292,81.36263736263736,10.98101907190335,26.27567987267339
497,0.1924,0.0388,94.75,3.2384409829422554,24.532113784145363
498,0.1924,0.0484,77.57575757575758,16.559101930639578,24.324614788672964
499,0.1924,0.057999999999999996,83.94339622641509,9.649352494337936,21.000342499952616
500,0.1924,0.0676,71.61607142857143,15.939755742725643,20.820929733011898
501,0.1924,0.07719999999999999,86.97368421052632,7.527097861464703,27.67406991085163
502,0.1924,0.0868,72.1566265060241,13.932264649298498,23.613910543342715
503,0.1924,0.0964,85.85714285714286,11.03537909800722,22.225215002987984
504,0.1924,0.106,74.26315789473684,18.52265214971333,22.41342171211561
505,0.1924,0.11559999999999998,72.89473684210526,17.56160506044846,21.209920113073505
506,0.1924,0.1252,66.7578947368421,14.5310671100694,12.39922485577853
507,0.1924,0.1348,69.82692307692308,15.435624571657597,20.134585559413452
508,0.1924,0.1444,83.14814814814815,11.58448420726717,24.529331568621885
509,0.1924,0.154,84.58333333333333,11.120239305978187,23.996485151288226
510,0.1924,0.1636,81.0,9.676001240181813,16.837439888982118
511,0.1924,0.1732,81.25,14.935277031243846,22.645379336275685
512,0.1924,0.18280000000000002,82.28125,15.803944078536219,23.39312897617491
513,0.1924,0.1924,88.5,9.96800436953712,26.410832016976077
514,0.1924,0.20199999999999999,72.96875,18.898552151884545,21.57917906385398
515,0.1924,0.2116,80.23529411764706,12.618983886401454,21.36212984824031
516,0.1924,0.22119999999999998,90.23076923076923,6.541628192452093,24.169692093183002
517,0.1924,0.23079999999999998,73.0,16.39831582525358,21.774576165068492
518,0.1924,0.2404,88.85714285714286,8.078694580342109,20.280106804901703
519,0.1924,0.25,93.42857142857143,4.41934522807372,21.767107325945215
520,0.20199999999999999,0.01,74.67929634641408,16.9832757516295,17.59994185108283
521,0.20199999999999999,0.0196,81.33516483516483,9.964374713667077,22.532451850770997
522,0.20199999999999999,0.0292,74.12206572769954,15.025303585799692,14.401395811820592
523,0.20199999999999999,0.0388,72.68387096774194,12.565572443070803,17.649383315559195
524,0.20199999999999999,0.0484,95.64516129032258,1.1513915030693387,24.509577329820946
525,0.20199999999999999,0.057999999999999996,72.08641975308642,15.758358574407737,18.70620903504622
526,0.20199999999999999,0.0676,92.23333333333333,3.3732608687868906,26.36488856740728
527,0.20199999999999999,0.07719999999999999,83.08571428571429,12.515981620247265,23.9898308775972
528,0.20199999999999999,0.0868,71.50769230769231,15.230660450271985,20.000529525888517
529,0.20199999999999999,0.0964,77.10344827586206,12.847500300504473,22.485057873621738
530,0.20199999999999999,0.106,81.76190476190476,7.315376902732008,23.8214129825589
531,0.20199999999999999,0.11559999999999998,81.05,13.026799299904793,22.603190462454837
532,0.20199999999999999,0.1252,70.71428571428571,15.44465651822618,20.796834922297023
533,0.20199999999999999,0.1348,97.36363636363636,1.36666330712481,22.339917992216172
534,0.20199999999999999,0.1444,89.71428571428571,6.797358430497326,20.49862076744097
535,0.20199999999999999,0.154,73.6140350877193,16.31354445976944,22.934840465874046
536,0.20199999999999999,0.1636,88.25,6.766646141183976,23.706233487723164
537,0.20199999999999999,0.1732,72.23636363636363,15.788331291136428,21.47187490581828
538,0.20199999999999999,0.18280000000000002,78.0,14.18540822294561,19.663043791267985
539,0.20199999999999999,0.1924,72.3,16.781239525136396,20.411847931661452
540,0.20199999999999999,0.20199999999999999,75.14583333333333,16.38977016227568,22.383159141353815
541,0.20199999999999999,0.2116,83.92857142857143,10.79328022239688,21.27258797640254
542,0.20199999999999999,0.22119999999999998,66.74285714285715,17.720597953701635,17.312781481226803
543,0.20199999999999999,0.23079999999999998,73.58620689655173,18.570494285994627,21.056448915996427
544,0.20199999999999999,0.2404,86.04761904761905,12.808019030042193,22.463582353712358
545,0.20199999999999999,0.25,69.63888888888889,15.622549190509101,17.826225708144666
546,0.2116,0.01,76.625,15.299208160844051,21.09718491314555
547,0.2116,0.0196,75.89115646258503,15.870706019170918,26.223573399385188
548,0.2116,0.0292,81.98936170212765,9.998398468404895,20.910325245065547
549,0.2116,0.0388,79.26373626373626,12.91632850636315,24.50921853513493
550,0.2116,0.0484,72.18518518518519,16.902122820223028,24.12510342017664
551,0.2116,0.057999999999999996,71.1,16.292329483533038,25.286263819995877
552,0.2116,0.0676,76.4375,15.934640266308701,28.859161720046668
553,0.2116,0.07719999999999999,73.59615384615384,13.785805988246103,17.488793727459626
554,0.2116,0.0868,72.01388888888889,14.577849498045119,19.278754833206474
555,0.2116,0.0964,89.58333333333333,5.3300771309824615,24.550271003651215
556,0.2116,0.106,67.9080459770115,13.689187094500204,20.029508125568622
557,0.2116,0.11559999999999998,72.93650793650794,16.014748178915085,23.50033992626821
558,0.2116,0.1252,80.70370370370371,12.412105246611036,18.562167314945167
559,0.2116,0.1348,88.77777777777777,5.645931562627778,28.69070799455045
560,0.2116,0.1444,73.60606060606061,15.583478807824095,21.937437035566486
561,0.2116,0.154,70.9074074074074,15.031163330103276,20.16729818983515
562,0.2116,0.1636,85.5,7.990619500389191,22.69648437733522
563,0.2116,0.1732,69.3225806451613,14.954526980524601,19.05441529976439
564,0.2116,0.18280000000000002,89.33333333333333,7.3363630105265525,22.975075892308087
565,0.2116,0.1924,69.0952380952381,18.071036447216965,17.16341277467121
566,0.2116,0.20199999999999999,81.77272727272727,10.33058925619276,23.24443884192559
567,0.2116,0.2116,90.4,9.421960164070603,20.394748334932874
568,0.2116,0.22119999999999998,82.38095238095238,12.654666711105472,20.68773720687368
569,0.2116,0.23079999999999998,90.17647058823529,7.358350951111477,27.05881629778159
570,0.2116,0.2404,92.92307692307692,4.71432413724448,22.309263291664195
571,0.2116,0.25,71.92857142857143,16.267690527608423,21.211498786212264
572,0.22119999999999998,0.01,72.23592493297588,15.932939105553686,25.72054487862604
573,0.22119999999999998,0.0196,87.81944444444444,12.544727078304087,25.008537392847416
574,0.22119999999999998,0.0292,72.97872340425532,12.327371427582026,26.13480706619026
575,0.22119999999999998,0.0388,78.44,15.146167832161375,23.785527971543193
576,0.22119999999999998,0.0484,88.72058823529412,9.306616223758889,25.267375336863097
577,0.22119999999999998,0.057999999999999996,88.76470588235294,5.207792936209732,24.101503254270863
578,0.22119999999999998,0.0676,91.39655172413794,7.100120579773601,26.90634032197931
579,0.22119999999999998,0.07719999999999999,74.72972972972973,15.46075878115677,23.073547627517645
580,0.22119999999999998,0.0868,71.56923076923077,15.808439061530718,23.052401837669326
581,0.22119999999999998,0.0964,70.18367346938776,15.089763349177947,25.01296060687997
582,0.22119999999999998,0.106,95.83333333333333,4.219662967057388,24.263297601509176
583,0.22119999999999998,0.11559999999999998,87.4054054054054,11.257332648063658,26.01728289123521
584,0.22119999999999998,0.1252,71.34782608695652,12.64845306111856,21.05865403569116
585,0.22119999999999998,0.1348,67.17073170731707,13.256204141649757,18.76594071063359
586,0.22119999999999998,0.1444,95.2,2.508651696296904,21.736197510133763
587,0.22119999999999998,0.154,73.9,13.913662350366277,23.383236581347557
588,0.22119999999999998,0.1636,85.0,12.657013865837392,18.70909570655788
589,0.22119999999999998,0.1732,71.88571428571429,17.343210163505205,23.58325229772767
590,0.22119999999999998,0.18280000000000002,72.95348837209302,13.402452896586267,17.651987040841043
591,0.22119999999999998,0.1924,75.05154639175258,16.39233611099049,14.301705379665101
592,0.22119999999999998,0.20199999999999999,80.40506329113924,14.604940197089176,16.921642436174977
593,0.22119999999999998,0.2116,67.8225806451613,13.674233119439887,14.17086677430231
594,0.22119999999999998,0.22119999999999998,71.725,16.77049119733826,17.54574347548341
595,0.22119999999999998,0.23079999999999998,72.07894736842105,15.790372781418979,20.901825817800084
596,0.22119999999999998,0.2404,86.3,8.379140767405689,22.952451554116106
597,0.22119999999999998,0.25,65.80882352941177,13.101703249107791,14.717367203845788
598,0.23079999999999998,0.01,74.47420147420148,16.03524060672847,26.459665010549433
599,0.23079999999999998,0.0196,73.98240469208211,14.821904060047634,19.99886686180324
600,0.23079999999999998,0.0292,92.5,4.885595932846639,24.387742212213947
601,0.23079999999999998,0.0388,73.47647058823529,14.083450003952896,25.884361590269666
602,0.23079999999999998,0.0484,93.4375,4.061538347719987,19.188418963244928
603,0.23079999999999998,0.057999999999999996,94.5,3.41041821203095,28.943181249490383
604,0.23079999999999998,0.0676,84.94117647058823,11.879149247787531,30.05316904151086
605,0.23079999999999998,0.07719999999999999,93.68,4.805996254680189,26.720129193368653
606,0.23079999999999998,0.0868,83.83870967741936,10.324092631202427,19.360783108128064
607,0.23079999999999998,0.0964,74.66666666666667,16.152055252780954,21.4849608742567
608,0.23079999999999998,0.106,93.88888888888889,3.8570122128243964,26.49859522822061
609,0.23079999999999998,0.11559999999999998,69.9672131147541,13.17718745720994,14.505838900262953
610,0.23079999999999998,0.1252,79.78947368421052,11.914515460997988,20.142113780106914
611,0.23079999999999998,0.1348,91.0,4.4956118955921305,25.471601510537425
612,0.23079999999999998,0.1444,82.17857142857143,11.889531924670337,23.761649749809433
613,0.23079999999999998,0.154,78.90625,13.827868994805382,18.6255235048414
614,0.23079999999999998,0.1636,86.47368421052632,8.89333529910923,21.284075220133104
615,0.23079999999999998,0.1732,80.8695652173913,10.360058535280693,24.603533135001
616,0.23079999999999998,0.18280000000000002,70.60416666666667,14.722063350819937,24.191504017786116
617,0.23079999999999998,0.1924,82.3529411764706,11.292585680413541,21.26242261364375
618,0.23079999999999998,0.20199999999999999,92.8,4.166533331199931,24.286724068741012
619,0.23079999999999998,0.2116,72.34782608695652,17.953100000332203,19.429291385819216
620,0.23079999999999998,0.22119999999999998,90.63636363636364,6.357139540744396,23.22238676261803
621,0.23079999999999998,0.23079999999999998,79.26086956521739,14.700539449742024,19.321281963902184
622,0.23079999999999998,0.2404,77.65625,17.945419636706745,20.876810350471246
623,0.23079999999999998,0.25,88.06666666666666,6.816320284598004,25.238325882392356
624,0.2404,0.01,75.82300884955752,14.815022724297645,20.289512558790825
625,0.2404,0.0196,89.24193548387096,6.538189262674136,21.42817400961376
626,0.2404,0.0292,74.45517241379311,16.209396725716005,21.969655487620212
627,0.2404,0.0388,64.13475177304964,16.349125319026967,17.08576937262781
628,0.2404,0.0484,75.88059701492537,15.071823787464776,23.080740685523267
629,0.2404,0.057999999999999996,71.98461538461538,15.606204197928964,24.51785772718026
630,0.2404,0.0676,72.06451612903226,14.477128013475498,26.470006300401526
631,0.2404,0.07719999999999999,79.5909090909091,12.622703538786736,24.995786792423598
632,0.2404,0.0868,68.84848484848484,13.299854663414644,17.86823444424981
633,0.2404,0.0964,73.41176470588235,15.235634790649467,23.11401818463371
634,0.2404,0.106,73.14285714285714,15.482050172732952,22.54269153538853
635,0.2404,0.11559999999999998,90.55555555555556,5.31478255248951,21.523557747547827
636,0.2404,0.1252,76.47457627118644,15.093332159199027,20.734747396512073
637,0.2404,0.1348,88.05555555555556,7.106118038721768,24.039746082910213
638,0.2404,0.1444,77.0,15.16104029600683,19.623139496531024
639,0.2404,0.154,83.08,10.5334514761307,24.683196639790015
640,0.2404,0.1636,71.80701754385964,13.832885551608626,22.306300688564416
641,0.2404,0.1732,70.33802816901408,12.953811404937909,17.70794977951829
642,0.2404,0.18280000000000002,78.91304347826087,12.717372723880889,20.518769522413496
643,0.2404,0.1924,77.0,17.04406054905931,21.985978125463244
644,0.2404,0.20199999999999999,67.54761904761905,13.84987945787733,24.53138886921995
645,0.2404,0.2116,89.26666666666667,8.17693232344638,21.06084885318985
646,0.2404,0.22119999999999998,70.96551724137932,14.786953146377078,20.655685634797006
647,0.2404,0.23079999999999998,88.70588235294117,8.607552811218987,22.785303681086944
648,0.2404,0.2404,71.52830188679245,14.019667820446276,18.54878155303904
649,0.2404,0.25,88.85714285714286,8.52607046364387,25.665180860746165
650,0.25,0.01,75.16353111432706,15.429242866479985,23.414513706586913
651,0.25,0.0196,88.875,6.794331933941073,26.017762262764393
652,0.25,0.0292,86.88489208633094,10.606146674948112,25.78140455171408
653,0.25,0.0388,74.77272727272727,12.824063769735705,20.50780266153676
654,0.25,0.0484,81.3076923076923,12.017410118515865,21.55157471956527
655,0.25,0.057999999999999996,81.92307692307692,14.55913602569176,26.278364102425304
656,0.25,0.0676,90.55102040816327,6.667194203756473,23.037062538368037
657,0.25,0.07719999999999999,81.02,11.474301721673525,26.47901370577041
658,0.25,0.0868,71.71428571428571,15.024639626905111,20.847834365555865
659,0.25,0.0964,69.17241379310344,15.285938919685682,22.481704170836895
660,0.25,0.106,72.31428571428572,14.055545786163512,21.446303792220874
661,0.25,0.11559999999999998,85.03703703703704,11.710968209590344,24.011627192451645
662,0.25,0.1252,88.25,7.731159895729316,24.272484011027426
663,0.25,0.1348,90.0,6.855654600401044,26.58161358648537
664,0.25,0.1444,59.111111111111114,18.992363637609984,17.20473053892884
665,0.25,0.154,75.9047619047619,13.832001411167827,21.866663574905036
666,0.25,0.1636,73.5,16.998161665309574,24.487487954038468
667,0.25,0.1732,75.63636363636364,18.42810465897983,24.254578194581736
668,0.25,0.18280000000000002,81.41176470588235,11.407215588128789,23.316842346079785
669,0.25,0.1924,82.8125,13.855137810574098,25.025540501982785
670,0.25,0.20199999999999999,68.17391304347827,15.369795828784634,20.39395748475442
671,0.25,0.2116,67.18867924528301,15.31685051100133,17.160874076165413
672,0.25,0.22119999999999998,72.31818181818181,13.632802565324708,21.324271740511545
673,0.25,0.23079999999999998,87.72727272727273,8.378445387268334,25.44430042485976
674,0.25,0.2404,67.94736842105263,18.10633411765218,24.321825668473384
675,0.25,0.25,91.375,4.768057780690163,21.581165891619246
